company,fiscal_year,Current Ratio,Debt-to-Equity,Profit Margin,ROA,ROE
AAPL,2024,1.25,4.415384615384616,0.23857868020304568,0.26704545454545453,1.4461538461538461
MSFT,2024,3.1914893617021276,0.9888888888888889,0.32,0.2011173184357542,0.4
GOOGL,2024,7.7272727272727275,0.3702290076335878,0.20848056537102475,0.16434540389972144,0.22519083969465647
